{"bertscore": 0.4262818888958812, "overall": 0.4262818888958812}